N,t_general,t_special
100,3.359000e-06,2.214000e-06
1000,2.655400e-05,1.799300e-05
10000,2.573680e-04,1.880430e-04
100000,2.538025e-03,1.732513e-03
1000000,3.020685e-02,2.439739e-02
