N,t_general,t_special
100,3.826e-06,2.484e-06
1000,2.6705e-05,1.8134e-05
10000,0.000273325,0.000197387
100000,0.00263403,0.00184847
1000000,0.0325533,0.0278571
