N,t_general,t_special
100,3.418e-06,3.278e-06
1000,2.855e-05,1.8821e-05
10000,0.000256742,0.000181819
100000,0.00255639,0.00192241
1000000,0.0258861,0.0238919
